Workbook

Sheet ticket
B3: ticket_id | C3: created_at | D3: closed_at | E3: outlet_id | F3: cms_id
B4: isu-sjd-457 | C4: 2021-08-19 16:45:43 | D4: 2021-08-22 12:33:32 | E4: wrqy-juv-978 | F4: vew-iuvd-12
B5: qer-fal-092 | C5: 2021-08-21 11:09:22 | D5: 2021-08-21 17:13:45 | E5: 8woh-k3u-23b | F5: cms-hfy-28
B6: plm-qaz-110 | C6: 2021-08-22 09:00:00 | D6: 2021-08-22 09:45:00 | E6: wrqy-juv-978 | F6: cms-opl-45
B7: abc-xyz-321 | C7: 2021-08-23 14:30:00 | D7: 2021-08-24 10:00:00 | E7: 7tyu-lkj-99x | F7: cms-abc-67
B8: zzz-aaa-001 | C8: 2021-09-01 08:00:00 | D8: 2021-09-01 08:55:00 | E8: 8woh-k3u-23b | F8: cms-zzz-89
B9: tkt-bcd-777 | C9: 2021-09-02 13:00:00 | D9: 2021-09-03 16:00:00 | E9: wrqy-juv-978 | F9: cms-bcd-99
B10: tkt-efg-888 | C10: 2021-09-10 10:00:00 | D10: 2021-09-10 10:50:00 | E10: 7tyu-lkj-99x | F10: cms-efg-11
B11: tkt-hij-999 | C11: 2021-09-15 09:30:00 | D11: 2021-09-16 11:00:00 | E11: 8woh-k3u-23b | F11: cms-hij-22

Sheet feedbacks
B3: cms_id | C3: feedback_at | D3: feedback_rating | E3: ticket_created_at
B4: vew-iuvd-12 | C4: 2021-08-21 13:26:48 | D4: 3 | E4: =IFERROR(INDEX(ticket!$B:$B,MATCH(B4,ticket!$E:$E,0)),"Not Found") -> Not Found
B5: cms-hfy-28 | C5: 2021-08-22 09:00:00 | D5: 4 | E5: =IFERROR(INDEX(ticket!$B:$B,MATCH(B5,ticket!$E:$E,0)),"Not Found") -> Not Found
B6: cms-opl-45 | C6: 2021-08-23 10:00:00 | D6: 5 | E6: =IFERROR(INDEX(ticket!$B:$B,MATCH(B6,ticket!$E:$E,0)),"Not Found") -> Not Found
B7: cms-abc-67 | C7: 2021-08-25 11:00:00 | D7: 2 | E7: =IFERROR(INDEX(ticket!$B:$B,MATCH(B7,ticket!$E:$E,0)),"Not Found") -> Not Found
B8: cms-zzz-89 | C8: 2021-09-02 09:00:00 | D8: 4 | E8: =IFERROR(INDEX(ticket!$B:$B,MATCH(B8,ticket!$E:$E,0)),"Not Found") -> Not Found
B9: cms-bcd-99 | C9: 2021-09-04 08:30:00 | D9: 3 | E9: =IFERROR(INDEX(ticket!$B:$B,MATCH(B9,ticket!$E:$E,0)),"Not Found") -> Not Found
B10: cms-efg-11 | C10: 2021-09-11 12:00:00 | D10: 5 | E10: =IFERROR(INDEX(ticket!$B:$B,MATCH(B10,ticket!$E:$E,0)),"Not Found") -> Not Found
B11: cms-hij-22 | C11: 2021-09-17 14:00:00 | D11: 4 | E11: =IFERROR(INDEX(ticket!$B:$B,MATCH(B11,ticket!$E:$E,0)),"Not Found") -> Not Found

Sheet Analysis
A1: Ticket Analysis — Same Day & Same Hour Closure
A3: ticket_id | B3: outlet_id | C3: created_at | D3: closed_at | E3: Same Day? | F3: Same Hour? | G3: Date Match | H3: Hour Match
A4: =ticket!B4 -> isu-sjd-457 | B4: =ticket!E4 -> wrqy-juv-978 | C4: =ticket!C4 -> 2021-08-19 16:45:43 | D4: =ticket!D4 -> 2021-08-22 12:33:32 | E4: =IF(INT(C4)=INT(D4),"Yes","No") -> No | F4: =IF(AND(INT(C4)=INT(D4),HOUR(C4)=HOUR(D4)),"Yes","No") -> No | G4: =IF(E4="Yes",1,0) -> 0 | H4: =IF(F4="Yes",1,0) -> 0
A5: =ticket!B5 -> qer-fal-092 | B5: =ticket!E5 -> 8woh-k3u-23b | C5: =ticket!C5 -> 2021-08-21 11:09:22 | D5: =ticket!D5 -> 2021-08-21 17:13:45 | E5: =IF(INT(C5)=INT(D5),"Yes","No") -> Yes | F5: =IF(AND(INT(C5)=INT(D5),HOUR(C5)=HOUR(D5)),"Yes","No") -> No | G5: =IF(E5="Yes",1,0) -> 1 | H5: =IF(F5="Yes",1,0) -> 0
A6: =ticket!B6 -> plm-qaz-110 | B6: =ticket!E6 -> wrqy-juv-978 | C6: =ticket!C6 -> 2021-08-22 09:00:00 | D6: =ticket!D6 -> 2021-08-22 09:45:00 | E6: =IF(INT(C6)=INT(D6),"Yes","No") -> Yes | F6: =IF(AND(INT(C6)=INT(D6),HOUR(C6)=HOUR(D6)),"Yes","No") -> Yes | G6: =IF(E6="Yes",1,0) -> 1 | H6: =IF(F6="Yes",1,0) -> 1
A7: =ticket!B7 -> abc-xyz-321 | B7: =ticket!E7 -> 7tyu-lkj-99x | C7: =ticket!C7 -> 2021-08-23 14:30:00 | D7: =ticket!D7 -> 2021-08-24 10:00:00 | E7: =IF(INT(C7)=INT(D7),"Yes","No") -> No | F7: =IF(AND(INT(C7)=INT(D7),HOUR(C7)=HOUR(D7)),"Yes","No") -> No | G7: =IF(E7="Yes",1,0) -> 0 | H7: =IF(F7="Yes",1,0) -> 0
A8: =ticket!B8 -> zzz-aaa-001 | B8: =ticket!E8 -> 8woh-k3u-23b | C8: =ticket!C8 -> 2021-09-01 08:00:00 | D8: =ticket!D8 -> 2021-09-01 08:55:00 | E8: =IF(INT(C8)=INT(D8),"Yes","No") -> Yes | F8: =IF(AND(INT(C8)=INT(D8),HOUR(C8)=HOUR(D8)),"Yes","No") -> Yes | G8: =IF(E8="Yes",1,0) -> 1 | H8: =IF(F8="Yes",1,0) -> 1
A9: =ticket!B9 -> tkt-bcd-777 | B9: =ticket!E9 -> wrqy-juv-978 | C9: =ticket!C9 -> 2021-09-02 13:00:00 | D9: =ticket!D9 -> 2021-09-03 16:00:00 | E9: =IF(INT(C9)=INT(D9),"Yes","No") -> No | F9: =IF(AND(INT(C9)=INT(D9),HOUR(C9)=HOUR(D9)),"Yes","No") -> No | G9: =IF(E9="Yes",1,0) -> 0 | H9: =IF(F9="Yes",1,0) -> 0
A10: =ticket!B10 -> tkt-efg-888 | B10: =ticket!E10 -> 7tyu-lkj-99x | C10: =ticket!C10 -> 2021-09-10 10:00:00 | D10: =ticket!D10 -> 2021-09-10 10:50:00 | E10: =IF(INT(C10)=INT(D10),"Yes","No") -> Yes | F10: =IF(AND(INT(C10)=INT(D10),HOUR(C10)=HOUR(D10)),"Yes","No") -> Yes | G10: =IF(E10="Yes",1,0) -> 1 | H10: =IF(F10="Yes",1,0) -> 1
A11: =ticket!B11 -> tkt-hij-999 | B11: =ticket!E11 -> 8woh-k3u-23b | C11: =ticket!C11 -> 2021-09-15 09:30:00 | D11: =ticket!D11 -> 2021-09-16 11:00:00 | E11: =IF(INT(C11)=INT(D11),"Yes","No") -> No | F11: =IF(AND(INT(C11)=INT(D11),HOUR(C11)=HOUR(D11)),"Yes","No") -> No | G11: =IF(E11="Yes",1,0) -> 0 | H11: =IF(F11="Yes",1,0) -> 0
A14: Outlet-wise Summary
A15: outlet_id | B15: Total Tickets | C15: Closed Same Day | D15: Closed Same Hour
A16: wrqy-juv-978 | B16: =COUNTIF($B$4:$B$11,A16) -> 3 | C16: =SUMPRODUCT(($B$4:$B$11=A16)*($G$4:$G$11)) -> 1 | D16: =SUMPRODUCT(($B$4:$B$11=A16)*($H$4:$H$11)) -> 1
A17: 8woh-k3u-23b | B17: =COUNTIF($B$4:$B$11,A17) -> 3 | C17: =SUMPRODUCT(($B$4:$B$11=A17)*($G$4:$G$11)) -> 2 | D17: =SUMPRODUCT(($B$4:$B$11=A17)*($H$4:$H$11)) -> 1
A18: 7tyu-lkj-99x | B18: =COUNTIF($B$4:$B$11,A18) -> 2 | C18: =SUMPRODUCT(($B$4:$B$11=A18)*($G$4:$G$11)) -> 1 | D18: =SUMPRODUCT(($B$4:$B$11=A18)*($H$4:$H$11)) -> 1
A19: TOTAL | B19: =SUM(B16:B18) -> 8 | C19: =SUM(C16:C18) -> 4 | D19: =SUM(D16:D18) -> 3

Sheet Notes
A1: Topic | B1: Explanation
A2: Q1 Formula Used | B2: '=IFERROR(INDEX(ticket!$B:$B, MATCH(A2, ticket!$E:$E, 0)), "Not Found") • Looks up cms_id (col A in feedbacks) inside ticket!$E:$E (cms_id column) • Returns the matching created_at from ticket!$B:$B • IFERROR handles cms_ids that don't exist in the ticket sheet
A3: Why INDEX/MATCH over VLOOKUP | B3: VLOOKUP requires the lookup column to be the leftmost column of the range. Since cms_id is the 5th column in the ticket sheet (not the 1st), INDEX/MATCH is the correct approach — it can look up and return any column regardless of position.
A4: Same Day Logic | B4: INT(created_at) strips the time portion, leaving only the date serial number. =IF(INT(created_at) = INT(closed_at), "Yes", "No") True only when both timestamps fall on the exact same calendar date.
A5: Same Hour Logic | B5: We check Same Day AND that HOUR(created_at) = HOUR(closed_at). =IF(AND(INT(created_at)=INT(closed_at), HOUR(created_at)=HOUR(closed_at)), "Yes", "No") This guarantees we don't match '09:xx on Day 1' with '09:xx on Day 2'.
A6: Outlet Summary Formula | B6: SUMPRODUCT is used instead of COUNTIFS to count outlet + flag matches: =SUMPRODUCT(($B$4:$B$11=A14) * ($G$4:$G$11)) G column holds 1 (same day) or 0. Multiplying by outlet match gives a clean count.
